{
    "exp_Z": [
        -0.709671666666666,
        -0.6980933333333336,
        -0.6873416666666667,
        -0.6751283333333328,
        -0.6641216666666663,
        -0.6536316666666667,
        -0.6426383333333326,
        -0.6276366666666658,
        -0.6167199999999993,
        -0.6035766666666663,
        -0.5919300000000004,
        -0.5785316666666668,
        -0.5666916666666671,
        -0.554316666666668,
        -0.5407250000000013,
        -0.5281166666666675,
        -0.5146933333333338,
        -0.5019483333333321,
        -0.48926833333333164,
        -0.47469999999999796,
        -0.46241166666666494,
        -0.44655166666666485,
        -0.4341833333333323,
        -0.4205783333333319,
        -0.40651166666666555,
        -0.39204833333333183,
        -0.3773516666666658,
        -0.3655399999999991,
        -0.34926499999999966,
        -0.3353283333333325,
        -0.322253333333333,
        -0.30678166666666623,
        -0.2916833333333327,
        -0.2774066666666666,
        -0.262571666666667,
        -0.24726499999999982,
        -0.2327966666666669,
        -0.21925333333333374,
        -0.20299500000000012,
        -0.19004000000000032,
        -0.17259833333333374,
        -0.15659833333333362,
        -0.1437100000000001,
        -0.12593166666666664,
        -0.11520166666666697,
        -0.09754833333333346,
        -0.08500000000000014,
        -0.06835166666666662,
        -0.054196666666666726,
        -0.03785833333333329,
        -0.023771666666666583
    ],
    "exp_ZZ": [
        0.5043166666666666,
        0.48814000000000024,
        0.4737666666666664,
        0.4557599999999998,
        0.44154333333333345,
        0.4286799999999997,
        0.41435333333333313,
        0.3957566666666663,
        0.38295666666666633,
        0.3669466666666661,
        0.3528466666666661,
        0.33723666666666635,
        0.3236733333333327,
        0.3099533333333331,
        0.2964633333333336,
        0.2827966666666667,
        0.26754999999999973,
        0.25612999999999986,
        0.24316666666666661,
        0.23108666666666655,
        0.21977666666666643,
        0.2070966666666668,
        0.1932933333333334,
        0.1826733333333337,
        0.17231333333333357,
        0.16041666666666676,
        0.14972666666666673,
        0.14137666666666673,
        0.12917666666666666,
        0.1209966666666667,
        0.11363666666666677,
        0.10244999999999993,
        0.09615333333333338,
        0.08744999999999997,
        0.08179000000000004,
        0.07266333333333316,
        0.06705000000000001,
        0.062293333333333305,
        0.054886666666666584,
        0.05124333333333334,
        0.04482666666666666,
        0.04095333333333326,
        0.03597666666666654,
        0.034660000000000045,
        0.03376333333333329,
        0.02837666666666677,
        0.02834333333333337,
        0.024886666666666644,
        0.02489333333333328,
        0.02450999999999998,
        0.02495000000000007
    ]
}