{
    "exp_Z": [
        -0.70856,
        -0.6990233333333328,
        -0.6873166666666667,
        -0.6771149999999996,
        -0.6637849999999993,
        -0.6519849999999997,
        -0.6408983333333327,
        -0.6285816666666662,
        -0.6163149999999986,
        -0.6042083333333332,
        -0.5915000000000001,
        -0.5793050000000005,
        -0.5685716666666677,
        -0.5533300000000012,
        -0.5412850000000006,
        -0.529116666666667,
        -0.5155633333333335,
        -0.5025166666666658,
        -0.4885166666666649,
        -0.4758083333333312,
        -0.4624149999999985,
        -0.44940166666666453,
        -0.4337933333333324,
        -0.4195699999999987,
        -0.40571166666666536,
        -0.39224666666666547,
        -0.37862999999999875,
        -0.36341666666666583,
        -0.3502916666666657,
        -0.33673166666666576,
        -0.32171333333333313,
        -0.3070733333333329,
        -0.2922733333333336,
        -0.27822999999999976,
        -0.2618549999999999,
        -0.24823333333333328,
        -0.2351783333333335,
        -0.22017333333333353,
        -0.20373333333333354,
        -0.1880000000000004,
        -0.17484000000000055,
        -0.15852000000000013,
        -0.14548333333333355,
        -0.12776333333333328,
        -0.11360833333333346,
        -0.09971166666666657,
        -0.08395833333333326,
        -0.06788166666666662,
        -0.05639833333333335,
        -0.03913833333333353,
        -0.02313833333333336
    ],
    "exp_ZZ": [
        0.5025600000000007,
        0.48944000000000004,
        0.4744599999999995,
        0.4600733333333334,
        0.441726666666666,
        0.426813333333333,
        0.4119599999999994,
        0.3973499999999997,
        0.38200333333333275,
        0.3670733333333329,
        0.35215999999999953,
        0.33809333333333313,
        0.327206666666666,
        0.3099266666666663,
        0.2966266666666663,
        0.2836466666666665,
        0.2690666666666662,
        0.25722666666666644,
        0.24281666666666638,
        0.23158999999999977,
        0.21873666666666658,
        0.20731999999999992,
        0.19431333333333353,
        0.18142666666666676,
        0.1711100000000001,
        0.1598866666666667,
        0.15070000000000006,
        0.13875000000000007,
        0.13072666666666682,
        0.12249333333333341,
        0.11222333333333355,
        0.10402666666666666,
        0.09531999999999996,
        0.08841666666666681,
        0.07983333333333333,
        0.07232333333333327,
        0.06842666666666664,
        0.06277333333333314,
        0.05533666666666673,
        0.05005666666666675,
        0.04630666666666672,
        0.04189999999999993,
        0.03892,
        0.033696666666666666,
        0.03200666666666666,
        0.029376666666666662,
        0.02881333333333327,
        0.02776666666666663,
        0.027430000000000038,
        0.02496000000000005,
        0.02356666666666669
    ]
}