{
    "exp_Z": [
        -0.7093001518404723,
        -0.6982733239731832,
        -0.6870833493770193,
        -0.6757332293844697,
        -0.6642259988804259,
        -0.6525647319424815,
        -0.640752543990203,
        -0.6287925777310162,
        -0.6166880159646243,
        -0.6044420560777748,
        -0.5920579341337323,
        -0.579538922474149,
        -0.5668883216580093,
        -0.5541094610726833,
        -0.5412056818457324,
        -0.5281803522799388,
        -0.515036863039046,
        -0.5017786405365979,
        -0.4884091422786814,
        -0.4749318440600086,
        -0.46135022890693783,
        -0.4476677983209527,
        -0.43388807160341375,
        -0.4200146065404063,
        -0.40605099449110665,
        -0.3920007849047608,
        -0.3778675558986817,
        -0.36365491257644256,
        -0.3493664833866974,
        -0.3350059327146164,
        -0.32057689594947975,
        -0.30608301196548066,
        -0.2915279552798483,
        -0.27691541123514907,
        -0.2622490488552135,
        -0.24753255656901996,
        -0.23276961161608148,
        -0.21796392591988897,
        -0.20311925378515203,
        -0.18823928910301282,
        -0.17332773275215388,
        -0.1583883000775813,
        -0.14342470876209276,
        -0.12844067532256467,
        -0.11343991930557956,
        -0.09842615851877566,
        -0.0834031107773419,
        -0.06837450349205808,
        -0.0533440416880148,
        -0.03831544267389333,
        -0.02329237812210848
    ],
    "exp_ZZ": [
        0.5039135422807131,
        0.4884848783635007,
        0.4730832464501704,
        0.4577241232757954,
        0.44242291748350043,
        0.42719497352522123,
        0.41205554958161067,
        0.3970197948424299,
        0.38210273829125524,
        0.36731925380546,
        0.3526840672958175,
        0.33821174518442376,
        0.32391667167974747,
        0.3098130336741791,
        0.2959147867416797,
        0.2822356487820678,
        0.26878910871337897,
        0.2555884058987971,
        0.24264652785259835,
        0.229976170141549,
        0.21758970663573882,
        0.20549921680260444,
        0.19371645960102582,
        0.18225288031511466,
        0.17111958839261132,
        0.1603272886077707,
        0.14988632451046185,
        0.13980669180503033,
        0.1300980014502067,
        0.12076947900446129,
        0.11182992263407855,
        0.10328769866653693,
        0.09515079958897293,
        0.08742678190810362,
        0.08012272299993053,
        0.07324527307793262,
        0.06680064596623496,
        0.060794611351768946,
        0.05523249499986672,
        0.05011911460010407,
        0.04545879893697666,
        0.04125545351665103,
        0.03751249624927501,
        0.03423285275132423,
        0.03141897317000019,
        0.029072820452831622,
        0.027195887059074223,
        0.025789181702733265,
        0.024853214304325192,
        0.024388004259676768,
        0.024393071869723726
    ]
}